timestamp,BTC-PERP,ETH-PERP,SOL-PERP
1654041600,20781.0,1212.6,37.76
1654045200,20781.0,1212.6,37.76
1654048800,20781.0,1212.6,37.76
1654052400,20781.0,1212.6,37.76
1654056000,20781.0,1212.6,37.76
1654059600,20781.0,1212.6,37.76
1654063200,20781.0,1212.6,37.76
1654066800,20781.0,1212.6,37.76
1654070400,20781.0,1212.6,37.76
1654074000,20781.0,1212.6,37.76
1654077600,20781.0,1212.6,37.76
1654081200,20781.0,1212.6,37.76
1654084800,20781.0,1212.6,37.76
1654088400,20781.0,1212.6,37.76
1654092000,20781.0,1212.6,37.76
1654095600,20781.0,1212.6,37.76
1654099200,20781.0,1212.6,37.76
1654102800,20781.0,1212.6,37.76
1654106400,20781.0,1212.6,37.76
1654110000,20780.0,1212.6,37.76
1654113600,20780.0,1212.6,37.76
1654117200,20780.0,1212.6,37.76
1654120800,20780.0,1212.6,37.76
1654124400,20780.0,1212.6,37.76
1654128000,20780.0,1212.6,37.76
1654131600,20780.0,1212.6,37.76
1654135200,20780.0,1212.6,37.76
1654138800,20780.0,1212.6,37.755
1654142400,20780.0,1212.6,37.755
1654146000,20780.0,1212.6,37.7525
1654149600,20781.0,1212.6,37.7525
1654153200,20781.0,1212.6,37.7525
1654156800,20781.0,1212.6,37.75
1654160400,20781.0,1212.5,37.75
1654164000,20781.0,1212.5,37.75
1654167600,20781.0,1212.5,37.7425
1654171200,20781.0,1212.5,37.7425
1654174800,20781.0,1212.5,37.7425
1654178400,20781.0,1212.5,37.7425
1654182000,20781.0,1212.5,37.745
1654185600,20781.0,1212.5,37.745
1654189200,20781.0,1212.5,37.745
1654192800,20781.0,1212.5,37.745
1654196400,20780.0,1212.5,37.745
1654200000,20780.0,1212.5,37.745
1654203600,20780.0,1212.5,37.745
1654207200,20781.0,1212.5,37.745
1654210800,20781.0,1212.5,37.745
1654214400,20781.0,1212.5,37.745
1654218000,20781.0,1212.5,37.745
1654221600,20781.0,1212.5,37.745
1654225200,20781.0,1212.5,37.745
1654228800,20781.0,1212.5,37.745
1654232400,20781.0,1212.5,37.745
1654236000,20781.0,1212.5,37.745
1654239600,20781.0,1212.5,37.745
1654243200,20781.0,1212.5,37.745
1654246800,20781.0,1212.3,37.745
1654250400,20781.0,1212.3,37.745
1654254000,20781.0,1212.3,37.745
1654257600,20781.0,1212.2,37.745
1654261200,20781.0,1212.2,37.745
1654264800,20781.0,1212.3,37.745
1654268400,20781.0,1212.3,37.745
1654272000,20780.0,1212.3,37.745
1654275600,20780.0,1212.3,37.745
1654279200,20780.0,1212.3,37.745
1654282800,20780.0,1212.3,37.745
1654286400,20780.0,1212.7,37.745
1654290000,20780.0,1212.7,37.7425
1654293600,20780.0,1212.7,37.7425
1654297200,20780.0,1212.8,37.7425
1654300800,20780.0,1212.8,37.7425
1654304400,20780.0,1213.1,37.7425
1654308000,20780.0,1213.1,37.7425
1654311600,20780.0,1213.1,37.7425
1654315200,20780.0,1213.1,37.7425
1654318800,20780.0,1213.1,37.7425
1654322400,20780.0,1213.1,37.7425
1654326000,20780.0,1213.1,37.7425
1654329600,20780.0,1213.1,37.7425
1654333200,20780.0,1213.1,37.7425
1654336800,20780.0,1213.1,37.7425
1654340400,20780.0,1213.1,37.7425
1654344000,20780.0,1213.1,37.7425
1654347600,20780.0,1213.1,37.7425
1654351200,20780.0,1213.1,37.7425
1654354800,20780.0,1213.0,37.7425
1654358400,20780.0,1213.0,37.7425
1654362000,20781.0,1213.0,37.7425
1654365600,20781.0,1213.0,37.7425
1654369200,20781.0,1213.0,37.7425
1654372800,20781.0,1213.0,37.7425
1654376400,20781.0,1213.0,37.7425
1654380000,20781.0,1213.0,37.7425
1654383600,20781.0,1213.0,37.7425
1654387200,20782.0,1213.0,37.7425
1654390800,20782.0,1213.0,37.7425
1654394400,20782.0,1213.0,37.7425
1654398000,20782.0,1213.0,37.7425
1654401600,20781.0,1213.0,37.7425
1654405200,20781.0,1213.0,37.7425
1654408800,20781.0,1213.0,37.7425
1654412400,20781.0,1213.0,37.7425
1654416000,20781.0,1213.0,37.7425
1654419600,20781.0,1213.0,37.7425
1654423200,20781.0,1213.0,37.7425
1654426800,20781.0,1213.0,37.7425
1654430400,20781.0,1213.0,37.7425
1654434000,20781.0,1213.0,37.7425
1654437600,20781.0,1213.0,37.7425
1654441200,20782.0,1213.0,37.7425
1654444800,20782.0,1213.0,37.7425
1654448400,20782.0,1213.0,37.7475
1654452000,20781.0,1213.0,37.7475
1654455600,20781.0,1213.0,37.7475
1654459200,20781.0,1213.0,37.7475
1654462800,20781.0,1213.0,37.7475
1654466400,20781.0,1213.0,37.7475
1654470000,20781.0,1213.0,37.7475
1654473600,20781.0,1213.0,37.7475
1654477200,20781.0,1213.0,37.7475
1654480800,20781.0,1213.1,37.7475
1654484400,20781.0,1213.1,37.7475
1654488000,20781.0,1213.1,37.7475
1654491600,20782.0,1213.1,37.7475
1654495200,20782.0,1213.1,37.7475
1654498800,20782.0,1213.1,37.7475
1654502400,20782.0,1213.1,37.7475
1654506000,20782.0,1213.1,37.7475
1654509600,20781.0,1213.1,37.7475
1654513200,20781.0,1213.1,37.7475
1654516800,20782.0,1213.1,37.7475
1654520400,20782.0,1213.1,37.7475
1654524000,20782.0,1213.1,37.7475
1654527600,20782.0,1213.1,37.7475
1654531200,20782.0,1213.1,37.7475
1654534800,20782.0,1213.1,37.75
1654538400,20782.0,1213.1,37.75
1654542000,20782.0,1213.1,37.75
1654545600,20781.0,1213.1,37.75
1654549200,20781.0,1213.1,37.75
1654552800,20781.0,1213.1,37.75
1654556400,20781.0,1213.1,37.75
1654560000,20781.0,1213.1,37.75
1654563600,20781.0,1213.1,37.75
1654567200,20781.0,1213.1,37.75
1654570800,20781.0,1213.1,37.75
1654574400,20781.0,1213.1,37.75
1654578000,20781.0,1213.1,37.75
1654581600,20781.0,1213.1,37.75
1654585200,20781.0,1213.2,37.75
1654588800,20781.0,1213.2,37.755
1654592400,20782.0,1213.2,37.755
1654596000,20782.0,1213.2,37.755
1654599600,20782.0,1213.2,37.755
1654603200,20782.0,1213.2,37.755
1654606800,20782.0,1213.2,37.755
1654610400,20782.0,1213.2,37.755
1654614000,20782.0,1213.2,37.755
1654617600,20781.0,1213.2,37.755
1654621200,20781.0,1213.2,37.755
1654624800,20781.0,1213.2,37.755
1654628400,20781.0,1213.2,37.755
1654632000,20782.0,1213.2,37.755
1654635600,20782.0,1213.2,37.755
1654639200,20782.0,1213.2,37.755
1654642800,20782.0,1213.2,37.755
1654646400,20782.0,1213.5,37.755
1654650000,20781.0,1213.5,37.755
1654653600,20781.0,1213.6,37.755
1654657200,20781.0,1213.6,37.755
1654660800,20781.0,1213.6,37.755
1654664400,20781.0,1213.5,37.755
1654668000,20781.0,1213.5,37.755
1654671600,20781.0,1213.5,37.755
1654675200,20781.0,1213.5,37.755
1654678800,20781.0,1213.5,37.755
1654682400,20781.0,1213.5,37.755
1654686000,20781.0,1213.5,37.755
1654689600,20781.0,1213.5,37.755
1654693200,20782.0,1213.5,37.755
1654696800,20782.0,1213.3,37.755
1654700400,20782.0,1213.3,37.755
1654704000,20782.0,1213.3,37.755
1654707600,20782.0,1213.2,37.755
1654711200,20782.0,1213.2,37.755
1654714800,20782.0,1213.2,37.755
1654718400,20782.0,1213.2,37.755
1654722000,20782.0,1213.2,37.755
1654725600,20782.0,1213.0,37.755
1654729200,20782.0,1213.0,37.755
1654732800,20782.0,1213.0,37.755
1654736400,20782.0,1213.0,37.755
1654740000,20782.0,1213.0,37.755
1654743600,20782.0,1213.0,37.755
1654747200,20782.0,1213.0,37.755
1654750800,20782.0,1213.0,37.7625
1654754400,20782.0,1213.0,37.7625
1654758000,20782.0,1213.0,37.7625
1654761600,20782.0,1213.0,37.7625
1654765200,20782.0,1212.9,37.7625
1654768800,20782.0,1212.9,37.7625
1654772400,20782.0,1212.9,37.7625
1654776000,20782.0,1212.9,37.7625
1654779600,20782.0,1212.9,37.7625
1654783200,20782.0,1212.9,37.7625
1654786800,20782.0,1212.9,37.7625
1654790400,20782.0,1212.9,37.76
1654794000,20782.0,1212.9,37.76
1654797600,20782.0,1212.8,37.7625
1654801200,20782.0,1212.8,37.7625
1654804800,20783.0,1212.8,37.7625
1654808400,20783.0,1212.8,37.7625
1654812000,20783.0,1212.6,37.7625
1654815600,20783.0,1212.6,37.7625
1654819200,20783.0,1212.6,37.7625
1654822800,20783.0,1212.6,37.7625
1654826400,20783.0,1212.6,37.7625
1654830000,20783.0,1212.6,37.7625
1654833600,20783.0,1212.6,37.7625
1654837200,20783.0,1212.6,37.7625
1654840800,20783.0,1212.6,37.7625
1654844400,20783.0,1212.6,37.7625
1654848000,20783.0,1212.6,37.7625
1654851600,20783.0,1212.6,37.7625
1654855200,20783.0,1212.6,37.7625
1654858800,20783.0,1212.6,37.7625
1654862400,20783.0,1212.6,37.7625
1654866000,20783.0,1212.6,37.7625
1654869600,20783.0,1212.6,37.7625
1654873200,20783.0,1212.6,37.7625
1654876800,20783.0,1212.6,37.7625
1654880400,20783.0,1212.6,37.7625
1654884000,20783.0,1212.6,37.7625
1654887600,20783.0,1212.6,37.7625
1654891200,20783.0,1212.6,37.7625
1654894800,20783.0,1212.6,37.7625
1654898400,20783.0,1212.6,37.7625
1654902000,20783.0,1212.6,37.7625
1654905600,20783.0,1212.6,37.7625
1654909200,20783.0,1212.6,37.7625
1654912800,20783.0,1212.6,37.7625
1654916400,20783.0,1212.6,37.7625
1654920000,20783.0,1212.6,37.7625
1654923600,20783.0,1212.6,37.77
1654927200,20783.0,1212.6,37.77
1654930800,20783.0,1212.6,37.77
1654934400,20783.0,1212.6,37.77
1654938000,20783.0,1212.6,37.77
1654941600,20785.0,1212.6,37.77
1654945200,20785.0,1212.6,37.77
1654948800,20785.0,1212.6,37.77
1654952400,20786.0,1212.6,37.77
1654956000,20786.0,1212.6,37.77
1654959600,20786.0,1212.6,37.77
1654963200,20786.0,1212.6,37.77
1654966800,20786.0,1212.6,37.77
1654970400,20786.0,1212.6,37.77
1654974000,20786.0,1212.6,37.77
1654977600,20786.0,1212.6,37.77
1654981200,20786.0,1212.6,37.77
1654984800,20786.0,1212.6,37.77
1654988400,20786.0,1212.6,37.77
1654992000,20786.0,1212.6,37.77
1654995600,20786.0,1212.6,37.77
1654999200,20786.0,1212.6,37.77
1655002800,20786.0,1212.6,37.77
1655006400,20786.0,1212.6,37.77
1655010000,20786.0,1212.6,37.77
1655013600,20786.0,1212.6,37.77
1655017200,20786.0,1212.6,37.77
1655020800,20786.0,1212.6,37.77
1655024400,20786.0,1212.6,37.77
1655028000,20786.0,1212.6,37.7725
1655031600,20786.0,1212.6,37.7725
1655035200,20786.0,1212.6,37.7725
1655038800,20786.0,1212.6,37.7725
1655042400,20786.0,1212.6,37.7725
1655046000,20786.0,1213.1,37.7725
1655049600,20786.0,1213.1,37.7725
1655053200,20786.0,1213.1,37.7725
1655056800,20786.0,1213.0,37.7725
1655060400,20786.0,1213.0,37.7725
1655064000,20786.0,1213.0,37.7725
1655067600,20786.0,1213.0,37.7725
1655071200,20786.0,1213.0,37.7725
1655074800,20786.0,1213.0,37.7725
1655078400,20786.0,1213.0,37.7725
1655082000,20786.0,1213.0,37.7725
1655085600,20786.0,1213.0,37.7725
1655089200,20786.0,1213.0,37.7725
1655092800,20786.0,1213.0,37.7725
1655096400,20786.0,1213.0,37.7725
1655100000,20786.0,1213.0,37.7725
1655103600,20786.0,1213.0,37.7725
1655107200,20786.0,1213.0,37.7725
1655110800,20786.0,1213.0,37.7725
1655114400,20786.0,1213.0,37.7725
1655118000,20786.0,1213.0,37.7725
1655121600,20786.0,1213.0,37.7725
1655125200,20784.0,1213.0,37.7725
1655128800,20784.0,1213.0,37.7725
1655132400,20784.0,1213.0,37.7725
1655136000,20784.0,1213.0,37.7725
1655139600,20784.0,1212.8,37.7725
1655143200,20784.0,1212.8,37.7725
1655146800,20784.0,1212.8,37.7725
1655150400,20784.0,1212.8,37.7725
1655154000,20784.0,1212.8,37.7725
1655157600,20784.0,1212.8,37.7725
1655161200,20784.0,1212.8,37.7725
1655164800,20784.0,1212.8,37.7725
1655168400,20784.0,1212.8,37.7725
1655172000,20784.0,1212.8,37.7725
1655175600,20784.0,1212.8,37.7725
1655179200,20780.0,1212.8,37.7725
1655182800,20780.0,1212.8,37.7725
1655186400,20780.0,1212.8,37.7725
1655190000,20781.0,1212.8,37.7725
1655193600,20781.0,1212.8,37.7725
1655197200,20780.0,1212.8,37.7725
1655200800,20780.0,1212.8,37.7725
1655204400,20780.0,1212.8,37.7725
1655208000,20780.0,1212.8,37.7725
1655211600,20780.0,1212.8,37.7725
1655215200,20780.0,1212.8,37.7725
1655218800,20780.0,1212.8,37.7725
1655222400,20780.0,1212.8,37.7725
1655226000,20780.0,1212.8,37.7725
1655229600,20780.0,1212.8,37.7725
1655233200,20780.0,1212.8,37.7725
1655236800,20779.0,1212.8,37.7725
1655240400,20779.0,1212.8,37.7725
1655244000,20781.0,1212.8,37.7725
1655247600,20781.0,1212.8,37.7725
1655251200,20781.0,1212.8,37.775
1655254800,20781.0,1212.8,37.775
1655258400,20781.0,1212.9,37.775
1655262000,20781.0,1212.9,37.775
1655265600,20781.0,1212.9,37.775
1655269200,20781.0,1212.9,37.775
1655272800,20782.0,1212.9,37.775
1655276400,20782.0,1212.9,37.775
1655280000,20782.0,1212.9,37.775
1655283600,20781.0,1212.9,37.775
1655287200,20781.0,1212.9,37.775
1655290800,20781.0,1212.9,37.775
1655294400,20781.0,1212.9,37.775
1655298000,20781.0,1212.8,37.7775
1655301600,20782.0,1212.8,37.7775
1655305200,20782.0,1212.8,37.7775
1655308800,20782.0,1212.8,37.785
1655312400,20782.0,1212.8,37.785
1655316000,20782.0,1212.8,37.785
1655319600,20782.0,1212.8,37.785
1655323200,20782.0,1212.8,37.8
1655326800,20782.0,1212.8,37.8
1655330400,20782.0,1212.8,37.8
1655334000,20782.0,1212.8,37.8
1655337600,20782.0,1212.8,37.8
1655341200,20782.0,1212.8,37.8
1655344800,20782.0,1212.8,37.8
1655348400,20782.0,1212.8,37.8
1655352000,20782.0,1212.8,37.8
1655355600,20782.0,1212.8,37.8
1655359200,20782.0,1212.8,37.8025
1655362800,20782.0,1212.8,37.8025
1655366400,20782.0,1212.8,37.8025
1655370000,20782.0,1212.8,37.8075
1655373600,20782.0,1212.8,37.8075
1655377200,20783.0,1212.8,37.8075
1655380800,20783.0,1212.8,37.8075
1655384400,20783.0,1212.8,37.8075
1655388000,20783.0,1212.8,37.8075
1655391600,20783.0,1212.8,37.81
1655395200,20783.0,1212.8,37.81
1655398800,20783.0,1212.8,37.81
1655402400,20783.0,1212.8,37.81
1655406000,20783.0,1212.8,37.81
1655409600,20783.0,1212.8,37.81
1655413200,20783.0,1212.8,37.81
1655416800,20783.0,1212.8,37.81
1655420400,20783.0,1212.8,37.81
1655424000,20782.0,1212.8,37.81
1655427600,20782.0,1212.9,37.81
1655431200,20782.0,1212.9,37.81
1655434800,20782.0,1212.9,37.81
1655438400,20782.0,1212.9,37.81
1655442000,20782.0,1212.9,37.81
1655445600,20782.0,1212.9,37.81
1655449200,20783.0,1212.9,37.81
1655452800,20783.0,1212.9,37.8075
1655456400,20783.0,1212.9,37.8075
1655460000,20783.0,1212.9,37.8075
1655463600,20783.0,1213.0,37.81
1655467200,20783.0,1213.0,37.81
1655470800,20783.0,1213.1,37.81
1655474400,20783.0,1213.1,37.81
1655478000,20783.0,1213.1,37.81
1655481600,20783.0,1213.1,37.81
1655485200,20783.0,1213.1,37.81
1655488800,20783.0,1213.1,37.81
1655492400,20783.0,1213.1,37.81
1655496000,20783.0,1213.1,37.81
1655499600,20783.0,1213.1,37.805
1655503200,20783.0,1213.1,37.805
1655506800,20783.0,1213.1,37.8
1655510400,20783.0,1213.1,37.8
1655514000,20783.0,1213.1,37.8
1655517600,20783.0,1213.1,37.8
1655521200,20783.0,1213.1,37.8
1655524800,20782.0,1213.1,37.8
1655528400,20782.0,1213.0,37.8
1655532000,20782.0,1213.0,37.8
1655535600,20782.0,1213.0,37.8
1655539200,20782.0,1213.0,37.8
1655542800,20783.0,1213.2,37.8
1655546400,20783.0,1213.2,37.8
1655550000,20783.0,1213.2,37.8
1655553600,20783.0,1213.3,37.8
1655557200,20783.0,1213.3,37.8
1655560800,20783.0,1213.3,37.8
1655564400,20783.0,1213.3,37.8
1655568000,20783.0,1213.3,37.8
1655571600,20783.0,1213.3,37.8
1655575200,20783.0,1213.3,37.8
1655578800,20783.0,1213.3,37.8
1655582400,20783.0,1213.3,37.8
1655586000,20783.0,1213.3,37.8
1655589600,20782.0,1213.3,37.8
1655593200,20782.0,1213.3,37.8
1655596800,20782.0,1213.3,37.7975
1655600400,20782.0,1213.3,37.7975
1655604000,20782.0,1213.3,37.7975
1655607600,20782.0,1213.3,37.7975
1655611200,20782.0,1213.3,37.7975
1655614800,20782.0,1213.3,37.7975
1655618400,20782.0,1213.3,37.7975
1655622000,20782.0,1213.3,37.7975
1655625600,20782.0,1213.3,37.7975
1655629200,20782.0,1213.3,37.7975
1655632800,20782.0,1213.3,37.7975
1655636400,20782.0,1213.3,37.7975
1655640000,20782.0,1213.3,37.7975
1655643600,20782.0,1213.2,37.7975
1655647200,20782.0,1213.2,37.7975
1655650800,20782.0,1213.2,37.7975
1655654400,20782.0,1213.2,37.7975
1655658000,20782.0,1213.2,37.7975
1655661600,20782.0,1213.2,37.7975
1655665200,20782.0,1213.2,37.7975
1655668800,20782.0,1213.2,37.7975
1655672400,20782.0,1213.2,37.7975
1655676000,20782.0,1213.2,37.7975
1655679600,20782.0,1213.2,37.7975
1655683200,20782.0,1213.2,37.7975
1655686800,20782.0,1213.2,37.7975
1655690400,20782.0,1213.2,37.7975
1655694000,20782.0,1213.2,37.7975
1655697600,20782.0,1213.2,37.7975
1655701200,20781.0,1213.2,37.7975
1655704800,20781.0,1213.2,37.7975
1655708400,20781.0,1213.2,37.7975
1655712000,20777.0,1213.3,37.7975
1655715600,20777.0,1213.3,37.7975
1655719200,20777.0,1213.3,37.7975
1655722800,20777.0,1213.3,37.7975
1655726400,20777.0,1213.4,37.7975
1655730000,20777.0,1213.4,37.7975
1655733600,20777.0,1213.4,37.7975
1655737200,20777.0,1213.4,37.7975
1655740800,20777.0,1213.4,37.7975
1655744400,20777.0,1213.4,37.7975
1655748000,20777.0,1213.4,37.7975
1655751600,20777.0,1213.4,37.7975
1655755200,20777.0,1213.4,37.7975
1655758800,20777.0,1213.4,37.8
1655762400,20777.0,1213.4,37.8
1655766000,20777.0,1213.4,37.8
1655769600,20777.0,1213.4,37.8
1655773200,20777.0,1213.4,37.8
1655776800,20777.0,1213.4,37.795
1655780400,20777.0,1213.5,37.795
1655784000,20776.0,1213.5,37.795
1655787600,20776.0,1213.5,37.79
1655791200,20774.0,1213.5,37.79
1655794800,20774.0,1213.5,37.785
1655798400,20774.0,1213.5,37.785
1655802000,20773.0,1213.5,37.785
1655805600,20773.0,1213.5,37.785
1655809200,20773.0,1213.5,37.785
1655812800,20773.0,1213.5,37.785
1655816400,20773.0,1213.5,37.7825
1655820000,20773.0,1213.6,37.7825
1655823600,20773.0,1213.6,37.7825
1655827200,20773.0,1213.6,37.7825
1655830800,20773.0,1213.6,37.78
1655834400,20773.0,1213.6,37.7775
1655838000,20773.0,1213.6,37.7775
1655841600,20773.0,1213.6,37.7775
1655845200,20773.0,1213.6,37.7775
1655848800,20773.0,1213.6,37.7775
1655852400,20771.0,1213.6,37.7775
1655856000,20771.0,1213.6,37.7775
1655859600,20771.0,1213.6,37.7775
1655863200,20771.0,1213.6,37.7775
1655866800,20771.0,1213.6,37.7775
1655870400,20771.0,1213.6,37.7725
1655874000,20771.0,1213.6,37.7725
1655877600,20771.0,1213.6,37.7725
1655881200,20771.0,1213.6,37.7725
1655884800,20771.0,1213.6,37.7725
1655888400,20771.0,1213.6,37.7725
1655892000,20771.0,1213.6,37.7725
1655895600,20770.0,1213.7,37.7725
1655899200,20770.0,1213.7,37.7725
1655902800,20770.0,1213.7,37.7725
1655906400,20770.0,1213.7,37.7725
1655910000,20770.0,1213.7,37.7725
1655913600,20770.0,1213.7,37.7725
1655917200,20770.0,1213.7,37.7725
1655920800,20770.0,1213.7,37.775
1655924400,20770.0,1213.7,37.775
1655928000,20770.0,1213.7,37.775
1655931600,20770.0,1213.7,37.775
1655935200,20770.0,1213.7,37.775
1655938800,20770.0,1213.7,37.775
1655942400,20770.0,1213.7,37.785
1655946000,20770.0,1213.7,37.785
1655949600,20770.0,1213.7,37.785
1655953200,20770.0,1213.7,37.78
1655956800,20770.0,1213.7,37.78
1655960400,20770.0,1213.7,37.78
1655964000,20771.0,1213.7,37.78
1655967600,20771.0,1213.7,37.78
1655971200,20771.0,1213.7,37.78
1655974800,20770.0,1213.7,37.7825
1655978400,20770.0,1213.7,37.7825
1655982000,20770.0,1213.7,37.7825
1655985600,20770.0,1213.7,37.7825
1655989200,20770.0,1213.7,37.7825
1655992800,20770.0,1213.7,37.78
1655996400,20770.0,1213.7,37.78
1656000000,20770.0,1213.7,37.78
1656003600,20770.0,1213.7,37.78
1656007200,20770.0,1213.7,37.78
1656010800,20770.0,1213.7,37.78
1656014400,20770.0,1213.7,37.78
1656018000,20770.0,1213.7,37.78
1656021600,20770.0,1213.7,37.78
1656025200,20770.0,1213.7,37.78
1656028800,20770.0,1213.7,37.78
1656032400,20770.0,1213.7,37.7775
1656036000,20770.0,1213.7,37.7775
1656039600,20770.0,1213.7,37.7775
1656043200,20770.0,1213.7,37.7775
1656046800,20770.0,1213.7,37.7775
1656050400,20770.0,1213.7,37.7775
1656054000,20770.0,1213.7,37.7775
1656057600,20770.0,1213.7,37.775
1656061200,20770.0,1213.7,37.775
1656064800,20770.0,1213.7,37.775
1656068400,20770.0,1213.7,37.78
1656072000,20770.0,1213.7,37.78
1656075600,20770.0,1213.7,37.78
1656079200,20770.0,1213.8,37.78
1656082800,20770.0,1213.8,37.78
1656086400,20770.0,1213.9,37.78
1656090000,20770.0,1213.9,37.78
1656093600,20770.0,1213.9,37.78
1656097200,20770.0,1213.9,37.78
1656100800,20770.0,1213.9,37.78
1656104400,20770.0,1213.9,37.78
1656108000,20770.0,1213.9,37.78
1656111600,20770.0,1213.9,37.78
1656115200,20770.0,1213.8,37.78
1656118800,20770.0,1213.8,37.78
1656122400,20770.0,1213.8,37.78
1656126000,20770.0,1213.8,37.7725
1656129600,20770.0,1213.8,37.7725
1656133200,20770.0,1213.9,37.7725
1656136800,20770.0,1213.9,37.7725
1656140400,20770.0,1213.9,37.7725
1656144000,20770.0,1213.9,37.7725
1656147600,20770.0,1213.9,37.7725
1656151200,20771.0,1213.9,37.7725
1656154800,20771.0,1213.9,37.7725
1656158400,20771.0,1213.9,37.7725
1656162000,20771.0,1213.9,37.7725
1656165600,20771.0,1213.9,37.7725
1656169200,20771.0,1213.9,37.7725
1656172800,20771.0,1213.9,37.7725
1656176400,20771.0,1213.9,37.7725
1656180000,20771.0,1213.9,37.7725
1656183600,20771.0,1213.9,37.7725
1656187200,20771.0,1213.9,37.7725
1656190800,20771.0,1213.9,37.7725
1656194400,20771.0,1213.9,37.7725
1656198000,20771.0,1213.9,37.7725
1656201600,20771.0,1213.9,37.7725
1656205200,20771.0,1213.9,37.7725
1656208800,20771.0,1213.9,37.7725
1656212400,20771.0,1213.9,37.7725
1656216000,20771.0,1213.9,37.7725
1656219600,20771.0,1213.9,37.7725
1656223200,20771.0,1213.9,37.7725
1656226800,20771.0,1213.9,37.7725
1656230400,20771.0,1213.9,37.7725
1656234000,20771.0,1213.9,37.7725
1656237600,20771.0,1213.9,37.7725
1656241200,20771.0,1213.9,37.7725
1656244800,20771.0,1213.9,37.7725
1656248400,20771.0,1213.9,37.7725
1656252000,20771.0,1213.9,37.7725
1656255600,20771.0,1213.9,37.7725
1656259200,20771.0,1213.9,37.7725
1656262800,20771.0,1213.9,37.7725
1656266400,20771.0,1213.9,37.7725
1656270000,20771.0,1213.9,37.7725
1656273600,20771.0,1213.9,37.7725
1656277200,20771.0,1213.9,37.7725
1656280800,20771.0,1214.2,37.7725
1656284400,20771.0,1214.2,37.7725
1656288000,20771.0,1214.2,37.7725
1656291600,20771.0,1214.5,37.7725
1656295200,20771.0,1214.5,37.7725
1656298800,20771.0,1214.3,37.7725
1656302400,20771.0,1214.3,37.7725
1656306000,20771.0,1214.1,37.7725
1656309600,20771.0,1214.1,37.7725
1656313200,20771.0,1214.1,37.7725
1656316800,20771.0,1214.1,37.7725
1656320400,20771.0,1214.1,37.7725
1656324000,20771.0,1214.1,37.7725
1656327600,20771.0,1214.1,37.7725
1656331200,20771.0,1214.1,37.7725
1656334800,20771.0,1214.3,37.7725
1656338400,20771.0,1214.3,37.7725
1656342000,20771.0,1214.3,37.77
1656345600,20771.0,1214.3,37.77
1656349200,20771.0,1214.3,37.77
1656352800,20771.0,1214.3,37.7725
1656356400,20771.0,1214.3,37.7725
1656360000,20771.0,1214.3,37.7725
1656363600,20771.0,1214.3,37.7725
1656367200,20771.0,1214.3,37.7725
1656370800,20771.0,1214.3,37.7725
1656374400,20771.0,1214.3,37.7725
1656378000,20771.0,1214.3,37.7725
1656381600,20771.0,1214.3,37.7725
1656385200,20770.0,1214.3,37.7725
1656388800,20770.0,1214.3,37.7725
1656392400,20770.0,1214.3,37.7725
1656396000,20770.0,1214.3,37.7725
1656399600,20770.0,1214.3,37.7725
1656403200,20770.0,1214.3,37.7725
1656406800,20770.0,1214.3,37.7725
1656410400,20770.0,1214.3,37.7725
1656414000,20770.0,1214.2,37.7725
1656417600,20770.0,1214.2,37.7725
1656421200,20770.0,1214.2,37.7725
1656424800,20770.0,1214.2,37.7725
1656428400,20770.0,1214.2,37.7725
1656432000,20770.0,1214.2,37.7725
1656435600,20770.0,1214.2,37.7725
1656439200,20770.0,1214.2,37.7725
1656442800,20770.0,1214.2,37.7725
1656446400,20770.0,1214.2,37.7725
1656450000,20770.0,1214.2,37.7725
1656453600,20770.0,1214.2,37.7725
1656457200,20770.0,1214.2,37.7725
1656460800,20770.0,1214.2,37.7725
1656464400,20770.0,1214.2,37.7725
1656468000,20770.0,1214.2,37.7725
1656471600,20770.0,1214.2,37.77
1656475200,20770.0,1214.2,37.77
1656478800,20770.0,1214.2,37.77
1656482400,20770.0,1214.2,37.77
1656486000,20770.0,1214.2,37.77
1656489600,20770.0,1214.3,37.77
1656493200,20770.0,1214.3,37.77
1656496800,20770.0,1214.3,37.7725
1656500400,20770.0,1214.3,37.7725
1656504000,20770.0,1214.3,37.775
1656507600,20770.0,1214.3,37.775
1656511200,20770.0,1214.3,37.775
1656514800,20770.0,1214.3,37.7725
1656518400,20770.0,1214.3,37.7725
1656522000,20770.0,1214.3,37.7725
1656525600,20770.0,1214.3,37.7725
1656529200,20770.0,1214.3,37.7725
1656532800,20770.0,1214.6,37.7725
1656536400,20770.0,1214.6,37.7725
1656540000,20770.0,1214.6,37.7725
1656543600,20770.0,1214.6,37.7725
1656547200,20770.0,1214.6,37.7725
1656550800,20770.0,1214.6,37.7725
1656554400,20770.0,1214.6,37.7725
1656558000,20770.0,1214.5,37.7725
1656561600,20770.0,1214.5,37.7725
1656565200,20770.0,1214.5,37.7725
1656568800,20770.0,1214.5,37.7725
1656572400,20770.0,1214.5,37.7725
1656576000,20770.0,1214.5,37.7725
1656579600,20770.0,1214.4,37.7725
1656583200,20770.0,1214.4,37.7725
1656586800,20770.0,1214.4,37.7725
1656590400,20770.0,1214.4,37.7725
1656594000,20770.0,1214.4,37.7725
1656597600,20770.0,1214.4,37.7725
1656601200,20770.0,1214.4,37.7725
1656604800,20770.0,1214.5,37.7725
1656608400,20770.0,1214.5,37.7725
1656612000,20770.0,1214.5,37.7725
1656615600,20770.0,1214.5,37.7725
1656619200,20770.0,1214.5,37.7725
1656622800,20770.0,1214.5,37.7725
1656626400,20770.0,1214.5,37.7725
1656630000,20770.0,1214.5,37.7725
1656633600,20770.0,1214.5,37.7725
1656637200,20770.0,1214.5,37.775
1656640800,20770.0,1214.5,37.775
1656644400,20770.0,1214.5,37.775
1656648000,20770.0,1214.5,37.7575
1656651600,20770.0,1214.5,37.7575
1656655200,20770.0,1214.5,37.7575
1656658800,20770.0,1214.5,37.7575
1656662400,20770.0,1214.5,37.7575
1656666000,20770.0,1214.5,37.7575
1656669600,20770.0,1214.5,37.7575
1656673200,20770.0,1214.5,37.7575
1656676800,20770.0,1214.5,37.7575
1656680400,20770.0,1214.5,37.7575
1656684000,20770.0,1214.5,37.7575
1656687600,20770.0,1214.5,37.7525
1656691200,20770.0,1214.5,37.7525
1656694800,20770.0,1214.5,37.7525
1656698400,20770.0,1214.5,37.755
1656702000,20770.0,1214.5,37.755
1656705600,20770.0,1214.5,37.755
1656709200,20770.0,1214.5,37.7525
1656712800,20770.0,1214.5,37.7525
1656716400,20770.0,1214.4,37.7525
